{"cameraMode":{"drawMode":0,"name":"Shaded","section":"Shading Mode"},"sceneLighting":false,"audioPlay":false,"sceneViewState":{"showFog":true,"showMaterialUpdate":false,"showSkybox":true,"showFlares":true,"showImageEffects":true,"showParticleSystems":true},"in2DMode":false,"pivot":{"x":1.1669865846633912,"y":2.269808292388916,"z":-2.1565966606140138},"rotation":{"x":0.09211460500955582,"y":0.5508766174316406,"z":-0.06134336441755295,"w":0.827216386795044},"size":19.503427505493165,"orthographic":false}