{"cameraMode":{"drawMode":0,"name":"Shaded","section":"Shading Mode"},"sceneLighting":false,"audioPlay":false,"sceneViewState":{"showFog":true,"showMaterialUpdate":false,"showSkybox":false,"showFlares":true,"showImageEffects":true,"showParticleSystems":true},"in2DMode":false,"pivot":{"x":5.266896724700928,"y":11.458585739135743,"z":3.8779296875},"rotation":{"x":-0.048046037554740909,"y":0.718475341796875,"z":-0.04987743869423866,"w":-0.6920961141586304},"size":5.366214752197266,"orthographic":false}