{"cameraMode":{"drawMode":0,"name":"Shaded","section":"Shading Mode"},"sceneLighting":true,"audioPlay":false,"sceneViewState":{"showFog":true,"showMaterialUpdate":false,"showSkybox":true,"showFlares":true,"showImageEffects":true,"showParticleSystems":true},"in2DMode":false,"pivot":{"x":7.911881923675537,"y":5.472135066986084,"z":-47.880714416503909},"rotation":{"x":-0.08848132938146591,"y":0.2080918699502945,"z":0.018902229145169259,"w":0.9739156365394592},"size":13.895673751831055,"orthographic":false}