{"cameraMode":{"drawMode":0,"name":"Shaded","section":"Shading Mode"},"sceneLighting":false,"audioPlay":false,"sceneViewState":{"showFog":true,"showMaterialUpdate":false,"showSkybox":false,"showFlares":true,"showImageEffects":true,"showParticleSystems":true},"in2DMode":false,"pivot":{"x":0.0,"y":0.7873576283454895,"z":-0.015432506799697876},"rotation":{"x":-0.33505335450172427,"y":0.3245609998703003,"z":-0.1241690069437027,"w":-0.8757747411727905},"size":3.18119740486145,"orthographic":false}