{"cameraMode":{"drawMode":0,"name":"Shaded","section":"Shading Mode"},"sceneLighting":false,"audioPlay":false,"sceneViewState":{"showFog":true,"showMaterialUpdate":false,"showSkybox":false,"showFlares":true,"showImageEffects":true,"showParticleSystems":true},"in2DMode":false,"pivot":{"x":-7.442033767700195,"y":-2.724910020828247,"z":-10.146916389465332},"rotation":{"x":0.00989286508411169,"y":0.9833996891975403,"z":-0.05650710314512253,"w":0.17214587330818177},"size":2.8578836917877199,"orthographic":false}