{"cameraMode":{"drawMode":0,"name":"Shaded","section":"Shading Mode"},"sceneLighting":false,"audioPlay":false,"sceneViewState":{"showFog":true,"showMaterialUpdate":false,"showSkybox":false,"showFlares":true,"showImageEffects":true,"showParticleSystems":true},"in2DMode":false,"pivot":{"x":25.717363357543947,"y":-14.478889465332032,"z":-40.775115966796878},"rotation":{"x":0.012107115238904953,"y":0.9800001978874207,"z":-0.18837018311023713,"w":0.0630061998963356},"size":140.79615783691407,"orthographic":false}