{"cameraMode":{"drawMode":0,"name":"Shaded","section":"Shading Mode"},"sceneLighting":true,"audioPlay":false,"sceneViewState":{"showFog":true,"showMaterialUpdate":false,"showSkybox":false,"showFlares":true,"showImageEffects":true,"showParticleSystems":true},"in2DMode":false,"pivot":{"x":304.1000061035156,"y":143.39999389648438,"z":48.20000076293945},"rotation":{"x":0.14205700159072877,"y":-0.6333745718002319,"z":0.11977436393499375,"w":0.75120609998703},"size":2.8578836917877199,"orthographic":false}