{"cameraMode":{"drawMode":0,"name":"Shaded","section":"Shading Mode"},"sceneLighting":true,"audioPlay":false,"sceneViewState":{"showFog":true,"showMaterialUpdate":false,"showSkybox":false,"showFlares":true,"showImageEffects":true,"showParticleSystems":true},"in2DMode":false,"pivot":{"x":-4.440000057220459,"y":1.6699999570846558,"z":0.35999998450279238},"rotation":{"x":-0.0057287695817649368,"y":-0.6981902718544006,"z":-0.0055838036350905899,"w":0.7158676385879517},"size":2.757821798324585,"orthographic":false}