{"cameraMode":{"drawMode":0,"name":"Shaded","section":"Shading Mode"},"sceneLighting":false,"audioPlay":false,"sceneViewState":{"showFog":true,"showMaterialUpdate":false,"showSkybox":false,"showFlares":true,"showImageEffects":true,"showParticleSystems":true},"in2DMode":false,"pivot":{"x":-36.41465377807617,"y":16.855541229248048,"z":-4.730886459350586},"rotation":{"x":-0.023856548592448236,"y":0.9731253981590271,"z":0.11842720210552216,"w":0.19604307413101197},"size":64.87725830078125,"orthographic":false}