{"cameraMode":{"drawMode":0,"name":"Shaded","section":"Shading Mode"},"sceneLighting":true,"audioPlay":false,"sceneViewState":{"showFog":true,"showMaterialUpdate":false,"showSkybox":false,"showFlares":true,"showImageEffects":true,"showParticleSystems":true},"in2DMode":false,"pivot":{"x":-0.9004371166229248,"y":2.381016492843628,"z":-0.4320618808269501},"rotation":{"x":-0.0019217167282477022,"y":-0.8362389206886292,"z":-0.002925508888438344,"w":0.5483542084693909},"size":22.666229248046876,"orthographic":false}